Month,EMI,Principal,Interest,Balance,Status
1,19801.198540349465,13967.865207016132,5833.333333333334,986032.1347929839,CANCELLED
2,19801.198540349465,14049.344420723726,5751.854119625739,971982.7903722601,CANCELLED
3,19801.198540349465,14131.298929844615,5669.899610504851,957851.4914424155,CANCELLED
4,19801.198540349465,14213.731506935375,5587.467033414091,943637.7599354802,CANCELLED
5,19801.198540349465,14296.64494072583,5504.553599623635,929341.1149947543,CANCELLED
6,19801.198540349465,14380.0420362134,5421.156504136067,914961.0729585409,CANCELLED
7,19801.198540349465,14463.925614757976,5337.272925591488,900497.1473437829,CANCELLED
8,19801.198540349465,14548.298514177397,5252.900026172068,885948.8488296055,CANCELLED
9,19801.198540349465,14633.163588843432,5168.0349515060325,871315.6852407621,CANCELLED
10,19801.198540349465,14718.523709778354,5082.674830571113,856597.1615309838,CANCELLED
11,19801.198540349465,14804.38176475206,4996.8167755974055,841792.7797662317,CANCELLED
12,19801.198540349465,14890.74065837978,4910.457881969685,826902.0391078519,CANCELLED
13,19801.198540349465,14977.60331222033,4823.595228129137,811924.4357956316,CANCELLED
14,19801.198540349465,15064.972664874947,4736.225875474518,796859.4631307566,CANCELLED
15,19801.198540349465,15152.85167208672,4648.346868262747,781706.6114586699,CANCELLED
16,19801.198540349465,15241.243306840559,4559.955233508907,766465.3681518293,CANCELLED
17,19801.198540349465,15330.150559463793,4471.047980885672,751135.2175923656,CANCELLED
18,19801.198540349465,15419.576437727334,4381.622102622133,735715.6411546383,CANCELLED
19,19801.198540349465,15509.523966947409,4291.674573402057,720206.1171876908,CANCELLED
20,19801.198540349465,15599.996190087935,4201.20235026153,704606.1209976028,CANCELLED
21,19801.198540349465,15690.99616786345,4110.202372486016,688915.1248297393,CANCELLED
22,19801.198540349465,15782.526978842652,4018.671561506813,673132.5978508967,CANCELLED
23,19801.198540349465,15874.591719552569,3926.6068207968974,657258.0061313441,CANCELLED
24,19801.198540349465,15967.19350458329,3834.0050357661744,641290.8126267608,CANCELLED
25,19801.198540349465,16060.335466693361,3740.863073656105,625230.4771600674,CANCELLED
26,19801.198540349465,16154.02075691574,3647.1777834337267,609076.4564031516,CANCELLED
27,19801.198540349465,16248.252544664414,3552.9459956850515,592828.2038584872,CANCELLED
28,19801.198540349465,16343.034017841623,3458.1645225078423,576485.1698406455,CANCELLED
29,19801.198540349465,16438.3683829457,3362.8301574037655,560046.8014576999,CANCELLED
30,19801.198540349465,16534.25886517955,3266.939675169916,543512.5425925204,CANCELLED
31,19801.198540349465,16630.708708559763,3170.4898317897023,526881.8338839606,CANCELLED
32,19801.198540349465,16727.72117602636,3073.4773643231038,510154.1127079342,CANCELLED
33,19801.198540349465,16825.299549553183,2975.898990796283,493328.81315838103,CANCELLED
34,19801.198540349465,16923.447130258908,2877.751410090556,476405.36602812214,CANCELLED
35,19801.198540349465,17022.167238518752,2779.0313018307124,459383.19878960337,CANCELLED
36,19801.198540349465,17121.46321407678,2679.7353262726865,442261.7355755266,CANCELLED
37,19801.198540349465,17221.338416158895,2579.860124190572,425040.3971593677,CANCELLED
38,19801.198540349465,17321.796223586487,2479.4023167629784,407718.6009357812,CANCELLED
39,19801.198540349465,17422.84003489074,2378.358505458724,390295.76090089045,CANCELLED
40,19801.198540349465,17524.473268427606,2276.725271921861,372771.28763246286,CANCELLED
41,19801.198540349465,17626.699362493433,2174.4991778560334,355144.58826996945,CANCELLED
42,19801.198540349465,17729.52177544131,2071.6767649081553,337415.06649452815,CANCELLED
43,19801.198540349465,17832.94398579805,1968.2545545514142,319582.1225087301,CANCELLED
44,19801.198540349465,17936.96949238187,1864.2290479675924,301645.15301634825,CANCELLED
45,19801.198540349465,18041.601814420766,1759.5967259286983,283603.5512019275,CANCELLED
46,19801.198540349465,18146.844491671556,1654.3540486779104,265456.70671025594,CANCELLED
47,19801.198540349465,18252.70108453964,1548.4974558098263,247204.0056257163,CANCELLED
48,19801.198540349465,18359.175174199452,1442.0233661500117,228844.83045151684,CANCELLED
49,19801.198540349465,18466.27036271562,1334.9281776338482,210378.56008880123,CANCELLED
50,19801.198540349465,18573.990273164793,1227.2082671846738,191804.56981563644,CANCELLED
51,19801.198540349465,18682.338549758253,1118.8599905912126,173122.2312658782,CANCELLED
52,19801.198540349465,18791.318857965176,1009.8796823842895,154330.912407913,CANCELLED
53,19801.198540349465,18900.93488463664,900.263655712826,135429.97752327638,CANCELLED
54,19801.198540349465,19011.190338130353,790.0082022191123,116418.78718514602,CANCELLED
55,19801.198540349465,19122.088948436114,679.1095919133518,97296.69823670991,CANCELLED
56,19801.198540349465,19233.634467301992,567.5640730474745,78063.06376940792,CANCELLED
57,19801.198540349465,19345.830668361254,455.36787198821287,58717.233101046666,CANCELLED
58,19801.198540349465,19458.681347260026,342.5171930894389,39258.55175378664,CANCELLED
59,19801.198540349465,19572.19032178571,229.0082185637554,19686.36143200093,CANCELLED
60,19801.198540349465,19686.361431996127,114.83710835333876,4.802132025361061E-9,CANCELLED
1,18613.1266279285,13129.793294595167,5483.333333333334,926870.2067054048,PAID
2,18613.1266279285,13206.383755480307,5406.742872448195,913663.8229499245,PAID
3,18613.1266279285,13283.42099405394,5329.70563387456,900380.4019558706,PAID
4,18613.1266279285,13360.907616519256,5252.2190114092455,887019.4943393513,PENDING
5,18613.1266279285,13438.846244282286,5174.280383646216,873580.648095069,PENDING
6,18613.1266279285,13517.239514040597,5095.887113887903,860063.4085810283,PENDING
7,18613.1266279285,13596.0900778725,5017.036550055999,846467.3185031558,PENDING
8,18613.1266279285,13675.400603326758,4937.726024601742,832791.9178998291,PENDING
9,18613.1266279285,13755.17377351283,4857.95285441567,819036.7441263163,PENDING
10,18613.1266279285,13835.412287191655,4777.714340736845,805201.3318391247,PENDING
11,18613.1266279285,13916.11885886694,4697.007769061561,791285.2129802577,PENDING
12,18613.1266279285,13997.296218876998,4615.830409051503,777287.9167613807,PENDING
13,18613.1266279285,14078.947113487113,4534.179514441388,763208.9696478937,PENDING
14,18613.1266279285,14161.074304982454,4452.052322946047,749047.8953429112,PENDING
15,18613.1266279285,14243.680571761519,4369.446056166982,734804.2147711497,PENDING
16,18613.1266279285,14326.768708430129,4286.357919498373,720477.4460627196,PENDING
17,18613.1266279285,14410.34152589597,4202.785102032531,706067.1045368236,PENDING
18,18613.1266279285,14494.401851463695,4118.724776464805,691572.7026853599,PENDING
19,18613.1266279285,14578.952528930567,4034.1740989979326,676993.7501564292,PENDING
20,18613.1266279285,14663.996418682664,3949.1302092458372,662329.7537377466,PENDING
21,18613.1266279285,14749.536397791646,3863.5902301368556,647580.2173399549,PENDING
22,18613.1266279285,14835.575360112098,3777.5512678164037,632744.6419798428,PENDING
23,18613.1266279285,14922.116216379418,3691.010411549083,617822.5257634633,PENDING
24,18613.1266279285,15009.161894308298,3603.964733620203,602813.3638691551,PENDING
25,18613.1266279285,15096.715338691763,3516.411289236738,587716.6485304633,PENDING
26,18613.1266279285,15184.779511500798,3428.347116427703,572531.8690189625,PENDING
27,18613.1266279285,15273.357391984553,3339.769235943948,557258.5116269779,PENDING
28,18613.1266279285,15362.45197677113,3250.6746511573715,541896.0596502068,PENDING
29,18613.1266279285,15452.066279968962,3161.0603479595397,526443.9933702379,PENDING
30,18613.1266279285,15542.203333268779,3070.9232946597213,510901.7900369691,PENDING
31,18613.1266279285,15632.866186046182,2980.26044188232,495268.92385092296,PENDING
32,18613.1266279285,15724.057905464784,2889.068722463717,479544.8659454582,PENDING
33,18613.1266279285,15815.781576579995,2797.3450513485063,463729.08436887816,PENDING
34,18613.1266279285,15908.040302443378,2705.086325485123,447821.0440664348,PENDING
35,18613.1266279285,16000.837204207632,2612.2894237208698,431820.2068622272,PENDING
36,18613.1266279285,16094.175421232176,2518.9512066963252,415726.031440995,PENDING
37,18613.1266279285,16188.058111189363,2425.0685167391375,399537.97332980565,PENDING
38,18613.1266279285,16282.488450171302,2330.6381777571996,383255.48487963434,PENDING
39,18613.1266279285,16377.4696327973,2235.6569951312003,366878.01524683705,PENDING
40,18613.1266279285,16473.00487232195,2140.1217556065494,350405.0103745151,PENDING
41,18613.1266279285,16569.09740074383,2044.0292271846715,333835.9129737713,PENDING
42,18613.1266279285,16665.750468914834,1947.376159013666,317170.1625048565,PENDING
43,18613.1266279285,16762.96734665017,1850.1592812783294,300407.1951582063,PENDING
44,18613.1266279285,16860.751322838965,1752.3753050895366,283546.44383536733,PENDING
45,18613.1266279285,16959.105705555525,1654.0209223729762,266587.3381298118,PENDING
46,18613.1266279285,17058.033822171266,1555.0928057572355,249529.30430764053,PENDING
47,18613.1266279285,17157.539019467265,1455.5876084612364,232371.76528817328,PENDING
48,18613.1266279285,17257.62466374749,1355.5019641810109,215114.14062442578,PENDING
49,18613.1266279285,17358.294140952683,1254.8324869758171,197755.84648347308,PENDING
50,18613.1266279285,17459.55085677491,1153.575771153593,180296.29562669818,PENDING
51,18613.1266279285,17561.398236772762,1051.7283911557395,162734.8973899254,PENDING
52,18613.1266279285,17663.83972648727,949.2869014412315,145071.05766343814,PENDING
53,18613.1266279285,17766.878791558443,846.2478363700559,127304.1788718797,PENDING
54,18613.1266279285,17870.518917842535,742.607710085965,109433.65995403717,PENDING
55,18613.1266279285,17974.76361152995,638.3630163985501,91458.89634250721,PENDING
56,18613.1266279285,18079.616399263876,533.5102286646254,73379.27994324334,PENDING
57,18613.1266279285,18185.080828259583,428.04579966891947,55194.199114983756,PENDING
58,18613.1266279285,18291.16046642443,321.9661615040719,36903.038648559326,PENDING
59,18613.1266279285,18397.858902478572,215.2677254499294,18505.179746080754,PENDING
60,18613.1266279285,18505.179746076363,107.94688185213774,4.3910404201596975E-9,PENDING
